Baden-Württemberg;Achern
Baden-Württemberg;Aitrach
Baden-Württemberg;Altbach
Baden-Württemberg;Asperg
Baden-Württemberg;Backnang
Baden-Württemberg;Bad Bellingen
Baden-Württemberg;Bad Krozingen
Baden-Württemberg;Bad Schussenried
Baden-Württemberg;Baienfurt
Baden-Württemberg;Bodman-Ludwigshafen
Baden-Württemberg;Böblingen
Baden-Württemberg;Bötzingen
Baden-Württemberg;Deggenhausertal
Baden-Württemberg;Denkendorf
Baden-Württemberg;Dettingen
Baden-Württemberg;Dielheim
Baden-Württemberg;Dietenheim
Baden-Württemberg;Edingen-Neckarhausen
Baden-Württemberg;Ehrenkirchen
Baden-Württemberg;Eisenbach
Baden-Württemberg;Eislingen
Baden-Württemberg;Ellhofen
Baden-Württemberg;Emmendingen
Baden-Württemberg;Eningen
Baden-Württemberg;Esslingen
Baden-Württemberg;Fellbach
Baden-Württemberg;Filderstadt
Baden-Württemberg;Freiamt
Baden-Württemberg;Freiburg
Baden-Württemberg;Frickingen
Baden-Württemberg;Friedrichshafen
Baden-Württemberg;Friesenheim
Baden-Württemberg;Gottenheim
Baden-Württemberg;Graben-Neudorf
Baden-Württemberg;Gundelfingen
Baden-Württemberg;Göppingen
Baden-Württemberg;Güglingen
Baden-Württemberg;Heddesheim
Baden-Württemberg;Heidelberg
Baden-Württemberg;Heilbronn
Baden-Württemberg;Heiligenberg
Baden-Württemberg;Heitersheim
Baden-Württemberg;Holzgerlingen
Baden-Württemberg;Hoßkirch
Baden-Württemberg;Häg-Ehrsberg
Baden-Württemberg;Hülben
Baden-Württemberg;Ittlingen
Baden-Württemberg;Jagsthausen
Baden-Württemberg;Kappel-Grafenhausen
Baden-Württemberg;Karlsruhe
Baden-Württemberg;Kenzingen
Baden-Württemberg;Kernen
Baden-Württemberg;Kippenheim
Baden-Württemberg;Kirchardt
Baden-Württemberg;Kirchheim
Baden-Württemberg;Kirchzarten
Baden-Württemberg;Kißlegg
Baden-Württemberg;Korb
Baden-Württemberg;Korntal-Münchingen
Baden-Württemberg;Kornwestheim
Baden-Württemberg;Lahr
Baden-Württemberg;Leonberg
Baden-Württemberg;Lichtenstein
Baden-Württemberg;Ludwigsburg
Baden-Württemberg;Lörrach
Baden-Württemberg;Mahlberg
Baden-Württemberg;Mahlstetten
Baden-Württemberg;Malsburg-Marzell
Baden-Württemberg;Malterdingen
Baden-Württemberg;March
Baden-Württemberg;Maselheim
Baden-Württemberg;Massenbachhausen
Baden-Württemberg;Meckenbeuren
Baden-Württemberg;Meißenheim
Baden-Württemberg;Merklingen
Baden-Württemberg;Merzhausen
Baden-Württemberg;Metzingen
Baden-Württemberg;Möglingen
Baden-Württemberg;Mühlacker
Baden-Württemberg;Mühlhausen-Ehingen
Baden-Württemberg;Mühlingen
Baden-Württemberg;Neuhausen
Baden-Württemberg;Neulußheim
Baden-Württemberg;Nürtingen
Baden-Württemberg;Oberhausen-Rheinhausen
Baden-Württemberg;Offenburg
Baden-Württemberg;Ostfildern
Baden-Württemberg;Pfaffenhofen
Baden-Württemberg;Pfaffenweiler
Baden-Württemberg;Pfedelbach
Baden-Württemberg;Pforzheim
Baden-Württemberg;Philippsburg
Baden-Württemberg;Reichenau
Baden-Württemberg;Reilingen
Baden-Württemberg;Reutlingen
Baden-Württemberg;Rheinhausen
Baden-Württemberg;Riederich
Baden-Württemberg;Riegel
Baden-Württemberg;Salach
Baden-Württemberg;Sasbach
Baden-Württemberg;Sasbach
Baden-Württemberg;Schallstadt
Baden-Württemberg;Schutterwald
Baden-Württemberg;Schwaikheim
Baden-Württemberg;Schwarzach
Baden-Württemberg;Sindelfingen
Baden-Württemberg;St. Leon-Rot
Baden-Württemberg;Stegen
Baden-Württemberg;Steinenbronn
Baden-Württemberg;Stockach
Baden-Württemberg;Stuttgart
Baden-Württemberg;Teningen
Baden-Württemberg;Tübingen
Baden-Württemberg;Ulm
Baden-Württemberg;Umkirch
Baden-Württemberg;Untermarchtal
Baden-Württemberg;Utzenfeld
Baden-Württemberg;Vogt
Baden-Württemberg;Vogtsburg
Baden-Württemberg;Waldkirch
Baden-Württemberg;Weil am Rhein
Baden-Württemberg;Weingarten
Baden-Württemberg;Wembach
Baden-Württemberg;Wernau
Baden-Württemberg;Widdern
Baden-Württemberg;Wiesloch
Baden-Württemberg;Wittnau
Baden-Württemberg;Wolfegg
Baden-Württemberg;Wutach
Baden-Württemberg;Zwiefalten
Bayern;Abtswind
Bayern;Albertshofen
Bayern;Alling
Bayern;Altdorf
Bayern;Andechs
Bayern;Anzing
Bayern;Aschaffenburg
Bayern;Aschheim
Bayern;Aßling
Bayern;Attenkirchen
Bayern;Augsburg
Bayern;Aying
Bayern;Bad Aibling
Bayern;Bad Endorf
Bayern;Bad Feilnbach
Bayern;Bad Reichenhall
Bayern;Bad Tölz
Bayern;Bad Wiessee
Bayern;Baierbrunn
Bayern;Baiern
Bayern;Bamberg
Bayern;Bayerbach
Bayern;Bayreuth
Bayern;Benediktbeuern
Bayern;Berg
Bayern;Bergkirchen
Bayern;Bernau
Bayern;Bichl
Bayern;Brannenburg
Bayern;Bruck
Bayern;Bruckmühl
Bayern;Brunnthal
Bayern;Bubenreuth
Bayern;Dachau
Bayern;Dettelbach
Bayern;Dießen
Bayern;Dorfen
Bayern;Ebersberg
Bayern;Eching
Bayern;Eckental
Bayern;Edling
Bayern;Egling
Bayern;Egmating
Bayern;Eichenau
Bayern;Eiselfing
Bayern;Emmering
Bayern;Erding
Bayern;Ergolding
Bayern;Erlangen
Bayern;Feldafing
Bayern;Feldkirchen
Bayern;Feldkirchen-Westerham
Bayern;Feucht
Bayern;Fischbachau
Bayern;Forchheim
Bayern;Forstinning
Bayern;Frauenneuharting
Bayern;Freising
Bayern;Friedberg
Bayern;Fürstenfeldbruck
Bayern;Fürth
Bayern;Gaißach
Bayern;Garching
Bayern;Gauting
Bayern;Geretsried
Bayern;Germering
Bayern;Gersthofen
Bayern;Gilching
Bayern;Glonn
Bayern;Gmund
Bayern;Gräfelfing
Bayern;Grafing
Bayern;Grasbrunn
Bayern;Gröbenzell
Bayern;Großkarolinenfeld
Bayern;Grünwald
Bayern;Haar
Bayern;Haimhausen
Bayern;Hallbergmoos
Bayern;Hausham
Bayern;Herrsching
Bayern;Herzogenaurach
Bayern;Hohenbrunn
Bayern;Höhenkirchen-Siegertsbrunn
Bayern;Hohenlinden
Bayern;Holzkirchen
Bayern;Icking
Bayern;Ingolstadt
Bayern;Inning
Bayern;Irschenberg
Bayern;Ismaning
Bayern;Karlsfeld
Bayern;Kaufering
Bayern;Kempten
Bayern;Kiefersfelden
Bayern;Kirchheim
Bayern;Kirchseeon
Bayern;Kirchweidach
Bayern;Kissing
Bayern;Kleinaitingen
Bayern;Kolbermoor
Bayern;Königsbrunn
Bayern;Krailling
Bayern;Kreuth
Bayern;Landsberg
Bayern;Landshut
Bayern;Lauf
Bayern;Lenggries
Bayern;Lindau
Bayern;Maisach
Bayern;Manching
Bayern;Markt Indersdorf
Bayern;Markt Schwaben
Bayern;Marktschellenberg
Bayern;Martinsheim
Bayern;Memmingen
Bayern;Mering
Bayern;Miesbach
Bayern;Moosburg
Bayern;München
Bayern;Münsing
Bayern;Murnau
Bayern;Neubeuern
Bayern;Neubiberg
Bayern;Neuburg
Bayern;Neufahrn
Bayern;Neumarkt
Bayern;Neuried
Bayern;Neusäß
Bayern;Neu-Ulm
Bayern;Nürnberg
Bayern;Oberasbach
Bayern;Oberaudorf
Bayern;Oberhaching
Bayern;Oberpframmern
Bayern;Oberschleißheim
Bayern;Odelzhausen
Bayern;Olching
Bayern;Otterfing
Bayern;Ottobrunn
Bayern;Passau
Bayern;Penzberg
Bayern;Petershausen
Bayern;Pfaffenhofen
Bayern;Pfaffing
Bayern;Pfeffenhausen
Bayern;Planegg
Bayern;Pliening
Bayern;Pöcking
Bayern;Poing
Bayern;Prien
Bayern;Puchheim
Bayern;Pullach
Bayern;Putzbrunn
Bayern;Raubling
Bayern;Regensburg
Bayern;Reichersbeuern
Bayern;Riedering
Bayern;Rimsting
Bayern;Rohrdorf
Bayern;Rosenheim
Bayern;Röthenbach
Bayern;Rottach-Egern
Bayern;Rottenburg
Bayern;Rüdenhausen
Bayern;Sauerlach
Bayern;Schäftlarn
Bayern;Schliersee
Bayern;Schwabach
Bayern;Schwaig
Bayern;Seefeld
Bayern;Seehausen
Bayern;Senden
Bayern;Sonthofen
Bayern;Stadtbergen
Bayern;Stammham
Bayern;Starnberg
Bayern;Stein
Bayern;Steinhöring
Bayern;Stephanskirchen
Bayern;Stockstadt
Bayern;Straßlach-Dingharting
Bayern;Sulzemoos
Bayern;Taufkirchen
Bayern;Tegernsee
Bayern;Traunreut
Bayern;Traunstein
Bayern;Trostberg
Bayern;Tuntenhausen
Bayern;Tutzing
Bayern;Unterföhring
Bayern;Unterhaching
Bayern;Unterschleißheim
Bayern;Uttenreuth
Bayern;Vaterstetten
Bayern;Wackersberg
Bayern;Wasserburg
Bayern;Weilheim
Bayern;Wendelstein
Bayern;Weßling
Bayern;Weyarn
Bayern;Wiesenbronn
Bayern;Wolfratshausen
Bayern;Wörthsee
Bayern;Würzburg
Bayern;Zolling
Bayern;Zorneding
Berlin;Berlin
Brandenburg;Ahrensfelde
Brandenburg;Altlandsberg
Brandenburg;Bernau
Brandenburg;Bestensee
Brandenburg;Biesenthal
Brandenburg;Birkenwerder
Brandenburg;Brieselang
Brandenburg;Eichwalde
Brandenburg;Erkner
Brandenburg;Falkensee
Brandenburg;Fredersdorf
Brandenburg;Glienicke
Brandenburg;Großbeeren
Brandenburg;Grünheide
Brandenburg;Kleinmachnow
Brandenburg;Königs Wusterhausen
Brandenburg;Leegebruch
Brandenburg;Ludwigsfelde
Brandenburg;Oranienburg
Brandenburg;Potsdam
Brandenburg;Rehfelde
Brandenburg;Schönefeld
Brandenburg;Schulzendorf
Brandenburg;Strausberg
Brandenburg;Stahnsdorf
Brandenburg;Teltow
Brandenburg;Werder
Brandenburg;Wildau
Brandenburg;Woltersdorf
Brandenburg;Zeuthen
Brandenburg;Zossen
Bremen;Bremen
Hessen;Bad Homburg
Hessen;Bad Soden
Hessen;Bad Vilbel
Hessen;Biebesheim
Hessen;Bischofsheim
Hessen;Darmstadt
Hessen;Dietzenbach
Hessen;Dreieich
Hessen;Egelsbach
Hessen;Eltville
Hessen;Eschborn
Hessen;Flörsheim
Hessen;Frankfurt
Hessen;Friedrichsdorf
Hessen;Fuldabrück
Hessen;Ginsheim-Gustavsburg
Hessen;Griesheim
Hessen;Groß-Gerau
Hessen;Groß-Zimmern
Hessen;Hainburg
Hessen;Heusenstamm
Hessen;Kelkheim
Hessen;Kelsterbach
Hessen;Kiedrich
Hessen;Kriftel
Hessen;Langen
Hessen;Langenselbold
Hessen;Mainhausen
Hessen;Maintal
Hessen;Marburg
Hessen;Mörfelden-Walldorf
Hessen;Nauheim
Hessen;Neu-Anspach
Hessen;Neu-Isenburg
Hessen;Nidderau
Hessen;Obertshausen
Hessen;Offenbach
Hessen;Pfungstadt
Hessen;Raunheim
Hessen;Rosbach
Hessen;Roßdorf
Hessen;Rüsselsheim
Hessen;Schwalbach
Hessen;Steinbach
Hessen;Usingen
Hessen;Viernheim
Hessen;Walluf
Hessen;Weiterstadt
Hessen;Wiesbaden
Mecklenburg-Vorpommern;Greifswald
Mecklenburg-Vorpommern;Rostock
Niedersachen;Baltrum
Niedersachsen;Borkum
Niedersachsen;Braunschweig
Niedersachsen;Buchholz
Niedersachsen;Buxtehude
Niedersachsen;Göttingen
Niedersachsen;Hannover
Niedersachsen;Juist
Niedersachsen;Laatzen
Niedersachsen;Langenhagen
Niedersachsen;Langeoog
Niedersachsen;Lüneburg
Niedersachsen;Norderney
Niedersachsen;Oldenburg
Niedersachsen;Osnabrück
Niedersachsen;Spiekeroog
Niedersachsen;Wangerooge
Niedersachsen;Wolfsburg
Nordrhein-Westfalen;Aachen
Nordrhein-Westfalen;Alfter
Nordrhein-Westfalen;Bad Lippspringe
Nordrhein-Westfalen;Bergheim
Nordrhein-Westfalen;Bergisch Gladbach
Nordrhein-Westfalen;Bielefeld
Nordrhein-Westfalen;Bonn
Nordrhein-Westfalen;Bornheim
Nordrhein-Westfalen;Brühl
Nordrhein-Westfalen;Dormagen
Nordrhein-Westfalen;Dortmund
Nordrhein-Westfalen;Düren
Nordrhein-Westfalen;Düsseldorf
Nordrhein-Westfalen;Elsdorf
Nordrhein-Westfalen;Erftstadt
Nordrhein-Westfalen;Erkrath
Nordrhein-Westfalen;Frechen
Nordrhein-Westfalen;Greven
Nordrhein-Westfalen;Grevenbroich
Nordrhein-Westfalen;Harsewinkel
Nordrhein-Westfalen;Hennef
Nordrhein-Westfalen;Hilden
Nordrhein-Westfalen;Hürth
Nordrhein-Westfalen;Kaarst
Nordrhein-Westfalen;Kempen
Nordrhein-Westfalen;Kerpen
Nordrhein-Westfalen;Korschenbroich
Nordrhein-Westfalen;Köln
Nordrhein-Westfalen;Königswinter
Nordrhein-Westfalen;Krefeld
Nordrhein-Westfalen;Langenfeld
Nordrhein-Westfalen;Leichlingen
Nordrhein-Westfalen;Leverkusen
Nordrhein-Westfalen;Lohmar
Nordrhein-Westfalen;Lotte
Nordrhein-Westfalen;Meckenheim
Nordrhein-Westfalen;Meerbusch
Nordrhein-Westfalen;Monheim
Nordrhein-Westfalen;Münster
Nordrhein-Westfalen;Neuss
Nordrhein-Westfalen;Niederkassel
Nordrhein-Westfalen;Ostbevern
Nordrhein-Westfalen;Overath
Nordrhein-Westfalen;Paderborn
Nordrhein-Westfalen;Pulheim
Nordrhein-Westfalen;Ratingen
Nordrhein-Westfalen;Rheinbach
Nordrhein-Westfalen;Rösrath
Nordrhein-Westfalen;Rommerskirchen
Nordrhein-Westfalen;Sankt Augustin
Nordrhein-Westfalen;Siegburg
Nordrhein-Westfalen;Swisttal
Nordrhein-Westfalen;Telgte
Nordrhein-Westfalen;Troisdorf
Nordrhein-Westfalen;Wachtberg
Nordrhein-Westfalen;Weilerswist
Nordrhein-Westfalen;Wesseling
Rheinland-Pfalz;Landau
Rheinland-Pfalz;Ludwigshafen
Rheinland-Pfalz;Mainz
Rheinland-Pfalz;Speyer
Saarland;Keine Kappungsgrenze
Sachsen;Dresden
Sachsen;Leipzig
Sachsen-Anhalt;Keine Kappungsgrenze
Schleswig-Holstein;Keine Kappungsgrenze
Thüringen;Erfurt
Thüringen;Jena
